{
  "project_info": {
    "project_number": "725723341167",
    "project_id": "pixharvest-8f0b3",
    "storage_bucket": "pixharvest-8f0b3.firebasestorage.app"
  },
  "client": [
    {
      "client_info": {
        "mobilesdk_app_id": "1:725723341167:android:ca4d5b2f83c617511a089a",
        "android_client_info": {
          "package_name": "com.pixharvest.customer"
        }
      },
      "oauth_client": [
        {
          "client_id": "REPLACE_WITH_OAUTH_CLIENT_ID.apps.googleusercontent.com",
          "client_type": 3
        }
      ],
      "api_key": [
        {
          "current_key": "AIzaSyA5TPkfexV0OAu_YLlY5zVgDTRcuJcPODE"
        }
      ],
      "services": {
        "appinvite_service": {
          "other_platform_oauth_client": []
        }
      }
    }
  ],
  "configuration_version": "1"
}